{"cameraMode":{"drawMode":0,"name":"Shaded","section":"Shading Mode"},"sceneLighting":true,"audioPlay":false,"sceneViewState":{"showFog":true,"showMaterialUpdate":false,"showSkybox":true,"showFlares":true,"showImageEffects":true,"showParticleSystems":true,"showVisualEffectGraphs":true,"m_FxEnabled":true},"in2DMode":false,"pivot":{"x":2.810697317123413,"y":1.4136543273925782,"z":2.6188206672668459},"rotation":{"x":-0.22229529917240144,"y":-0.09721586108207703,"z":0.02228184975683689,"w":-0.9698666334152222},"size":2.2224950790405275,"orthographic":false}